ticker,setup,eligible,conviction,earnings_flag,earnings_date,veto,liquid,why,entry,stop,stop_pct,t1,t2,units,pos_native,pos_aed,risk_aed,risk_pct,cost_aed,hold_days,entry_note,exit_rule,plan_flags,close,atr,atr_pct,rsi14,rsi2,adx,dist21_atr,pct_52w_high,mom_1m,mom_3m,mom_6m,mom_12_1,rvol,adv20,squeeze_on,breakout20,breakout55,uptrend,composite,comp_rank,composite_final,g_trend,g_momentum,g_timing,g_volatility,g_volume,g_fundamentals,sector,shortName,shortPercentOfFloat,date,selected,skip_reason
DU.AE,Momentum continuation,True,73.94968100930129,,,False,True,momentum leader; strong trend structure; volume accumulation,12.039999961853027,11.499958228600832,4.485396469794338,12.85006256173132,13.660125161609614,138.0,1661.5199947357178,1661.5199947357178,74.52575918880297,0.375,4.984559984207154,15,Half-size starter at market; add on a 2–3 day tight consolidation.,Stop 11.5; to breakeven at +1.0R; trail 2.5×ATR from +1.0R; scale 1/2 at T1 (+1.5R); time-stop 15 bars if < +0.5R,55-day high sits before T1 (resistance),12.039999961853027,0.24016876406347168,1.994757182927003,57.01000666762468,28.038498261926875,18.23386141023052,0.7623933403216351,0.9611076100899166,0.027303727605233474,0.05146814539626976,0.1797456878281365,0.31884592687174207,0.3469693027665935,31372879.81778226,0.0,0.0,0.0,1.0,0.8073310053266196,1.0,0.6520967888119145,1.3054988752371912,1.530877144908785,0.23590193973642914,-0.3216015683405114,1.2831812937748355,-0.17581903259984627,Communication Services,EMIRATE INTEGRATED TELECOM AED1,,2026-10-02,True,
PARKIN.AE,Pullback in uptrend,True,72.28904728733859,,,False,True,strong trend structure; volume accumulation,5.976449323933748,5.7797273341725175,3.291619807992389,6.271532308575594,6.566615293217439,762.0,4554.0543848375155,4554.0543848375155,149.9021561980576,0.75,13.662163154512548,15,"Limit near the 21-EMA, or at market on the first up-close / reclaim day.",Stop 5.78; to breakeven at +1.0R; trail 2.5×ATR from +1.0R; scale 1/2 at T1 (+1.5R); time-stop 15 bars if < +0.5R,55-day high sits before T1 (resistance),6.0,0.09836099488061514,1.639349914676919,54.633558489510314,9.990572214220862,18.198954930624712,0.23943104779324867,0.9463443611356529,0.05633806009374043,-0.01800329478080276,0.0018304253800303094,-0.035127330335368745,0.8065440662305656,7104614.966975665,0.0,0.0,0.0,1.0,0.6483011354778045,0.8888888888888888,0.5992780550354129,0.9934611516076626,0.5298965444303433,0.4159871773766308,0.4629848320487215,0.901689188471298,0.33782162600932436,Industrials,PARKIN COMPANY PJSC AED0.02,,2026-10-02,True,
EMIRATESNBD.AE,Pullback in uptrend,True,65.2155334520426,,,False,True,strong trend structure; favourable entry timing,30.799999237060547,29.26394650412108,4.987184321391766,33.10407833646975,35.40815743587895,97.0,2987.599925994873,2987.599925994873,148.99711509512832,0.75,8.962799777984621,15,"Limit near the 21-EMA, or at market on the first up-close / reclaim day.",Stop 29.26; to breakeven at +1.0R; trail 2.5×ATR from +1.0R; scale 1/2 at T1 (+1.5R); time-stop 15 bars if < +0.5R,55-day high sits before T1 (resistance),30.799999237060547,0.7680263664697341,2.4935921606958846,48.718179367099324,20.34158536678075,16.066664926840588,-0.2537710585246206,0.8468587906933159,0.005878458291761923,0.028037389127399504,-0.14398594421259503,0.23722676593849457,1.2461279310642392,68553470.2007083,0.0,0.0,0.0,1.0,0.4858709984609454,0.8333333333333334,0.3928292250753698,0.9917195062269702,0.6312652187889863,0.6374905831570672,-0.502907116342263,-0.1341881945002615,-0.10339356631436669,Financial Services,EMIRATES NBD BANK PJSC AED1,,2026-10-02,True,
CBD.AE,No clean setup,False,54.48369206694659,,,False,False,momentum leader; strong trend structure; volume accumulation,9.890000343322754,9.466576286693721,4.281335105462439,10.525136428266304,11.160272513209852,354.0,3501.060121536255,3501.060121536255,149.89211604667761,0.75,10.503180364608765,0,No actionable pattern today.,Stop 9.467; to breakeven at +1.0R; trail 2.5×ATR from +1.0R; scale 1/2 at T1 (+1.5R); time-stop 15 bars if < +0.5R,55-day high sits before T1 (resistance); below liquidity floor,9.890000343322754,0.1736957687524561,1.7562766706042332,55.79400268152952,70.85547837441686,20.05483380217267,0.8561164530015946,0.9693253071219731,0.0498938708303831,0.061158869867246946,0.05171800405944804,0.11057360303930786,0.0057999791304500494,99459.91267800331,0.0,0.0,0.0,1.0,0.7770069194906294,0.9444444444444444,0.6053642218095657,1.3030275341079391,1.1772680154012323,-0.15454391818431099,0.3387620519350037,1.8916960081330811,-0.3100634991561066,Financial Services,COMMERCIAL BANK OF DUBAI AED1,,2026-10-02,False,not actionable today
TALABAT.AE,Pullback in uptrend,True,51.81142530656924,,2026-11-11,False,True,no dominant factor,1.1050000190734863,1.050008966102488,4.976565793827482,1.1874865985299836,1.2699731779864811,2727.0,3013.335052013397,3013.335052013397,149.96060145191228,0.75,9.040005156040193,15,"Limit near the 21-EMA, or at market on the first up-close / reclaim day.",Stop 1.05; to breakeven at +1.0R; trail 2.5×ATR from +1.0R; scale 1/2 at T1 (+1.5R); time-stop 15 bars if < +0.5R,,1.1050000190734863,0.02749552648549914,2.4882828969137414,39.32950505241699,4.648211959572876,14.981324293954467,-1.1340614374721114,0.8438109282416714,-0.08072627825830314,-0.1368650981694327,0.591918244059467,-0.022953889223558344,0.6357277227520328,24383721.33041014,0.0,0.0,0.0,1.0,0.02065748906030375,0.6666666666666666,0.04530546081588135,0.4653342119509208,0.41519510468290705,-0.29541877416113677,-0.11814641044445634,-0.5315078225964739,0.17676131017896188,Consumer Cyclical,TALABAT HOLDING PLC AED0.04,,2026-10-02,True,
EMPOWER.AE,No clean setup,False,41.94260111152401,,,False,True,Bollinger/Keltner squeeze on,1.5800000429153442,1.5207932198006289,3.7472671839596683,1.6688102775874172,1.7576205122594903,2533.0,4002.140108704567,4002.140108704567,149.97088294957402,0.75,12.006420326113703,0,No actionable pattern today.,Stop 1.521; to breakeven at +1.0R; trail 2.5×ATR from +1.0R; scale 1/2 at T1 (+1.5R); time-stop 15 bars if < +0.5R,55-day high sits before T1 (resistance),1.5800000429153442,0.02564326764807085,1.6229915792125587,61.5152323552242,96.93932040804962,11.738918493364126,1.1071216608519778,0.8523123781251817,0.034570368420674624,-0.015590639629849079,-0.05619640057232067,-0.024927709368829265,0.7362535429876197,3311267.2409719764,1.0,1.0,0.0,1.0,0.059997214237001585,0.7222222222222222,0.048589485916767663,0.6787700558923178,0.240964996276181,-0.5917501885812076,0.453601436277795,-0.21323585712767032,-0.01225173179114654,Utilities,EMIRATES CENTRAL COOLING SYSTEM,,2026-10-02,False,max 4 positions in NEUTRAL
DFM.AE,No clean setup,False,39.56205194087033,,,False,True,volatility compression; volume accumulation; quality/growth fundamentals; Bollinger/Keltner squeeze on,1.375,1.32602376595488,3.5619079305541876,1.4484643510676802,1.5219287021353602,3062.0,4210.25,4210.25,149.9652286461577,0.75,12.630750000000003,0,No actionable pattern today.,Stop 1.326; to breakeven at +1.0R; trail 2.5×ATR from +1.0R; scale 1/2 at T1 (+1.5R); time-stop 15 bars if < +0.5R,,1.375,0.024488117022560086,1.7809539652770972,39.46345989393268,26.08294396423122,13.92415085536649,-1.0640525974823298,0.7836671284603003,-0.03169011158073787,-0.07718121396019173,-0.12609239057304367,-0.15389856334642915,0.5951934002519308,3245119.846492511,1.0,0.0,0.0,0.0,-0.12354061462606694,0.5555555555555556,-0.010948981483737292,-0.7965356149172707,-0.4501148832557321,-0.3160436244100501,0.8608866924723632,1.2091410062623662,0.5895397286086875,Financial Services,DUBAI FINANCIAL MARKET AED1,,2026-10-02,False,max 4 positions in NEUTRAL
EMAAR.AE,No clean setup,False,37.177174139884364,,,False,True,weak momentum; favourable entry timing,11.399999618530273,10.874469540806578,4.609913116746656,12.188294735115818,12.97658985170136,285.0,3248.999891281128,3248.999891281128,149.7760721512533,0.75,9.746999673843385,0,No actionable pattern today.,Stop 10.87; to breakeven at +1.0R; trail 2.5×ATR from +1.0R; scale 1/2 at T1 (+1.5R); time-stop 15 bars if < +0.5R,,11.399999618530273,0.2627650388618478,2.304956558373327,49.930386665853305,34.894250614895796,17.412490446897465,-0.09364517097659879,0.7190959130121963,0.03636360168457031,-0.0731707770933635,-0.27246889658442597,-0.17737711760026487,0.7677318191417433,215205742.58863807,0.0,0.0,0.0,0.0,-0.17299472011354283,0.3888888888888889,-0.07064576772632665,-0.8237205962941428,-0.8092170665722282,0.6290237289923527,-0.5231052366375386,0.4278549456949425,0.47521531167215963,Real Estate,EMAAR PROPERTIES PJSC AED1,,2026-10-02,False,max 4 positions in NEUTRAL
TECOM.AE,No clean setup,False,34.219998476129064,,2026-10-29,False,False,Bollinger/Keltner squeeze on,3.2699999809265137,3.111763421112379,4.839038554651621,3.5073548206477154,3.7447096603689176,947.0,3096.6899819374084,3096.6899819374084,149.8500221439855,0.75,9.290069945812228,0,No actionable pattern today.,Stop 3.112; to breakeven at +1.0R; trail 2.5×ATR from +1.0R; scale 1/2 at T1 (+1.5R); time-stop 15 bars if < +0.5R,55-day high sits before T1 (resistance); below liquidity floor,3.2699999809265137,0.07911827990706728,2.419519277325809,42.61178111705217,11.69143829145888,21.06489163118712,-1.0327129530178196,0.8320304106557167,-0.023880574920442932,-0.004199600151482463,-0.13024525020002542,0.09146983883267423,0.8827841257936583,1091154.1240686537,1.0,0.0,0.0,0.0,-0.012345172899093471,0.6111111111111112,0.05553647518630049,-0.14146734678902273,0.2898943080901337,0.08371955191047625,-0.7543096613202912,0.29434262979419773,0.41757193164173495,Real Estate,TECOM GROUP PJSC AED0.1,,2026-10-02,False,max 4 positions in NEUTRAL
DTC.AE,No clean setup,False,32.21379639111451,,,False,False,favourable entry timing,2.200000047683716,2.09701169390609,4.681288706609696,2.3544825783501544,2.508965109016593,1456.0,3203.2000694274902,3203.2000694274902,149.95104310022305,0.75,9.609600208282473,0,No actionable pattern today.,Stop 2.097; to breakeven at +1.0R; trail 2.5×ATR from +1.0R; scale 1/2 at T1 (+1.5R); time-stop 15 bars if < +0.5R,55-day high sits before T1 (resistance); below liquidity floor,2.200000047683716,0.05149417688881285,2.3406443533048478,44.105640167434395,4.7517393723304195,16.086638231945187,-0.7362687681691521,0.7813268221852258,-0.017857125751218117,-0.04347822030685711,-0.1788965150747187,-0.062016163258313495,0.6018736957999421,2654548.995369315,0.0,0.0,0.0,0.0,0.1334929774124083,0.7777777777777778,0.005344942352877522,0.27712849734411926,-0.2613401406496422,0.5041428826386254,-0.7694895975921067,0.4148294265810341,-0.6781112446312865,Industrials,DUBAI TAXI COMPANY PJSC AED0.04,,2026-10-02,False,max 4 positions in NEUTRAL
EMAARDEV.AE,No clean setup,False,31.442060968785448,,,False,True,weak momentum; quality/growth fundamentals,12.880000114440918,12.335230144408165,4.229580475096138,13.697155069490048,14.514310024539178,275.0,3542.0000314712524,3542.0000314712524,149.81174175900716,0.75,10.62600009441376,0,No actionable pattern today.,Stop 12.34; to breakeven at +1.0R; trail 2.5×ATR from +1.0R; scale 1/2 at T1 (+1.5R); time-stop 15 bars if < +0.5R,,12.880000114440918,0.2723849850163771,2.1147902375480725,41.007706957621906,2.1328911332709026,17.420995506928016,-0.8684075397283154,0.689341179910443,-0.007704116434674502,-0.12380950465571483,-0.2857856545585964,-0.013191984667571433,0.8514167763289644,32732928.63366561,0.0,0.0,0.0,0.0,-0.4568778517891609,0.1111111111111111,-0.2160752152358447,-1.1923000008848956,-0.9212355135002217,0.12670619039369155,0.36042970805213453,-0.5657647263295263,1.0682055130485082,Real Estate,EMAAR DEVELOPMENT PJSC AED1,,2026-10-02,False,max 4 positions in NEUTRAL
SALIK.AE,No clean setup,False,30.707327836685153,,2026-11-11,False,True,no dominant factor,5.349999904632568,5.130368323118692,4.105263279045998,5.6794472769033835,6.008894649174199,682.0,3648.6999349594116,3648.6999349594116,149.78873859246394,0.75,10.946099804878235,0,No actionable pattern today.,Stop 5.13; to breakeven at +1.0R; trail 2.5×ATR from +1.0R; scale 1/2 at T1 (+1.5R); time-stop 15 bars if < +0.5R,,5.349999904632568,0.10981579075693834,2.0526316395229984,46.20710367103256,22.695307560921464,14.464473129742165,-0.6501845703425817,0.7947665724564825,0.009433907943081188,-0.08703075379897218,-0.14419341271297792,-0.08764067300264466,1.0339936719734233,24267629.745948505,0.0,0.0,0.0,0.0,-0.2486246632873153,0.3333333333333333,-0.23504850294381976,-0.7964331908460586,-0.40605551545663665,0.28569921789811786,-0.39591331001288405,-0.10538238615386038,-0.16264231444517702,Industrials,SALIK COMPANY P.J.S.C AED0.01,,2026-10-02,False,max 4 positions in NEUTRAL
DIB.AE,No clean setup,False,28.84173713221898,,2026-10-27,False,True,Bollinger/Keltner squeeze on,7.230000019073486,7.031271760351162,2.748661939115613,7.528092407156973,7.82618479524046,691.0,4995.930013179779,4995.930013179779,137.3212267771262,0.75,14.98779003953934,0,No actionable pattern today.,Stop 7.031; to breakeven at +1.0R; trail 2.5×ATR from +1.0R; scale 1/2 at T1 (+1.5R); time-stop 15 bars if < +0.5R,size capped at 25% of capital,7.230000019073486,0.09936412936116223,1.3743309695578065,42.53095192803091,17.570796415731778,8.728491843640683,-0.7510105411772617,0.7417264413304928,-0.018995911622727957,-0.06829899409483897,-0.13436954606723095,-0.1680573635272623,1.2311993588116918,22750531.392237924,1.0,0.0,0.0,0.0,-0.25473425369227887,0.2777777777777778,-0.2837310061354257,-0.6289230286720338,-0.5457794094721782,0.060229792518326504,0.41051735292683667,-0.5224506922085489,-0.43838035249887547,Financial Services,DUBAI ISLAMIC BANK AED1,,2026-10-02,False,max 4 positions in NEUTRAL
ARMX.AE,No clean setup,False,26.61825937770317,,2026-11-12,False,False,weak momentum; volatility compression; Bollinger/Keltner squeeze on,1.7100000381469727,1.6452228968399838,3.7881368340309556,1.807165750107456,1.9043314620679392,2315.0,3958.6500883102417,3958.6500883102417,149.9590821256792,0.75,11.875950264930728,0,No actionable pattern today.,Stop 1.645; to breakeven at +1.0R; trail 2.5×ATR from +1.0R; scale 1/2 at T1 (+1.5R); time-stop 15 bars if < +0.5R,55-day high sits before T1 (resistance); below liquidity floor,1.7100000381469727,0.03238857065349441,1.8940684170154765,51.55685233974549,55.45699676380115,11.117788267365256,0.12739641528503315,0.589655166176922,0.0,-0.04469269576030488,-0.2009346007842634,-0.37132352199985497,0.29165681173131497,151055.63828772903,1.0,0.0,0.0,0.0,-0.1472663835396458,0.5,-0.13506673089982701,-0.2847477068246048,-1.1633044150481304,0.29296969684554297,0.7707481759545936,-0.3668514501642122,-0.07000191682079346,Industrials,ARAMEX COMPANY AED1,,2026-10-02,False,max 4 positions in NEUTRAL
TABREED.AE,No clean setup,False,24.243290502731377,,,False,False,no dominant factor,2.4200000762939453,2.329422636260688,3.742869304862597,2.5558662363438316,2.691732396393718,1656.0,4007.5201263427734,4007.5201263427734,149.99624069507445,0.75,12.022560379028324,0,No actionable pattern today.,Stop 2.329; to breakeven at +1.0R; trail 2.5×ATR from +1.0R; scale 1/2 at T1 (+1.5R); time-stop 15 bars if < +0.5R,below liquidity floor,2.4200000762939453,0.042309111634494044,1.7483103430016158,49.8272189845643,89.78325235618787,13.061964401108737,0.1312991222565244,0.7598378511616413,-0.012244886043219938,-0.0573303681199816,-0.1565800355691298,-0.10008687328847798,1.103647794728403,2790938.4191996693,0.0,0.0,0.0,0.0,-0.15374564343343905,0.4444444444444444,-0.19549624243806416,-0.854465387989867,-0.39569025059867907,0.4814140092903585,0.35059491411054533,-0.48162893292620107,-0.4181661037960649,Utilities,NATIONAL CENTRAL COOLING (TABRE,,2026-10-02,False,max 4 positions in NEUTRAL
SPINNEYS.AE,No clean setup,False,22.222248725511946,,,False,False,distribution in volume,1.2100000381469727,1.1483294819729148,5.096740018992214,1.3025058724080594,1.395011706669146,2432.0,2942.7200927734375,2942.7200927734375,149.9827926153086,0.75,8.828160278320315,0,No actionable pattern today.,Stop 1.148; to breakeven at +1.0R; trail 2.5×ATR from +1.0R; scale 1/2 at T1 (+1.5R); time-stop 15 bars if < +0.5R,below liquidity floor,1.2100000381469727,0.03083527808702886,2.5483700094961033,39.20272695395972,9.997569545018578,12.529305131123012,-1.3499176256306717,0.7048754665569263,-0.062015446567252885,-0.005585843449036898,-0.16064166297577376,-0.07375275123055347,0.8712279532333004,2372539.87954061,0.0,0.0,0.0,0.0,-0.3751657845369204,0.2222222222222222,-0.24763327878186356,0.296569011458054,-0.2815267861177936,-0.46211678159553277,-0.7340551435115302,-1.2828270225344187,0.4325400852451062,Consumer Defensive,SPINNEYS 1961 HOLDING PLC AED0.,,2026-10-02,False,max 4 positions in NEUTRAL
DEWA.AE,No clean setup,False,20.387582062827178,,,False,True,distribution in volume,2.619999885559082,2.5284283705068162,3.49509614702618,2.7573571581374807,2.8947144307158794,1638.0,4291.559812545776,4291.559812545776,149.99414165561137,0.75,12.874679437637331,0,No actionable pattern today.,Stop 2.528; to breakeven at +1.0R; trail 2.5×ATR from +1.0R; scale 1/2 at T1 (+1.5R); time-stop 15 bars if < +0.5R,Ex-dividend 2026-10-15,2.619999885559082,0.045785757526132856,1.7475480735130882,35.49459795302673,4.485606119571088,12.502899839428803,-2.0776460339708946,0.850511691977033,-0.022388126755056525,-0.047272768887606564,-0.12160263845114094,-0.006357569787324935,1.4382105866507222,17800864.598088514,0.0,0.0,0.0,0.0,-0.5622154553728123,0.05555555555555555,-0.5180680811744255,-0.35687034322800537,0.03850743399923168,-0.9801301599557833,-0.29085221211147066,-1.100566495524406,-0.2826154187830291,Utilities,DUBAI ELECTRICITY & WATER AUTHO,,2026-10-02,False,max 4 positions in NEUTRAL
AIRARABIA.AE,No clean setup,False,19.743759463747327,,,False,True,distribution in volume; weak fundamentals; Bollinger/Keltner squeeze on,4.739999771118164,4.558580591955075,3.8274090279184145,5.012128539862797,5.2842573086074305,826.0,3915.2398109436035,3915.2398109436035,149.85224198871134,0.75,11.745719432830812,0,No actionable pattern today.,Stop 4.559; to breakeven at +1.0R; trail 2.5×ATR from +1.0R; scale 1/2 at T1 (+1.5R); time-stop 15 bars if < +0.5R,,4.739999771118164,0.09070958958154461,1.913704513959212,35.62978147623899,3.218482631897743,21.410693601031223,-1.6820814387616556,0.8047537994167043,-0.04819282068998332,-0.12059371270286257,-0.08658793524215824,0.520146515348014,1.0013818002790735,11043037.699863147,1.0,0.0,0.0,0.0,-0.44147424636677385,0.16666666666666666,-0.5372061209134066,-0.43604562737927377,0.29331761307298504,-0.9532813238696001,0.4018550925350557,-1.1183309186461758,-1.0477761184954482,Industrials,AIR ARABIA AED1,,2026-10-02,False,max 4 positions in NEUTRAL
