ticker,setup,eligible,conviction,earnings_flag,earnings_date,veto,liquid,why,entry,stop,stop_pct,t1,t2,units,pos_native,pos_aed,risk_aed,risk_pct,cost_aed,hold_days,entry_note,exit_rule,plan_flags,close,atr,atr_pct,rsi14,rsi2,adx,dist21_atr,pct_52w_high,mom_1m,mom_3m,mom_6m,mom_12_1,rvol,adv20,squeeze_on,breakout20,breakout55,uptrend,composite,comp_rank,composite_final,g_trend,g_momentum,g_timing,g_volatility,g_volume,g_sentiment,social_buzz,social_bull,date,selected,skip_reason
NEAR/USDT,Momentum continuation,True,82.74459581823062,,,False,True,momentum leader; strong trend structure; volume accumulation,5.293,4.338697670460083,18.029516900432974,6.724453494309876,8.155906988619751,25.679982,135.924144726,499.18142150623504,89.9999987542882,0.45,1.4975442645187054,15,Half-size starter at market; add on a 2–3 day tight consolidation.,Stop 4.339; to breakeven at +1.0R; trail 2.5×ATR from +1.0R; scale 1/2 at T1 (+1.5R); time-stop 15 bars if < +0.5R,55-day high sits before T1 (resistance); trending on CoinGecko,5.293,0.4771511647699588,9.01475845021649,68.91202621235698,90.04668318810613,61.9384304515012,1.914423285326513,0.9485663082437276,1.1437829080599435,2.048963133640553,1.0049242424242424,0.6876281613123716,1.0411881893106394,40047002.8793648,0.0,0.0,0.0,1.0,0.9036229639031067,0.9629629629629629,0.979770827799208,1.7230098501006548,2.0414461265259547,-0.7629338180317227,-1.0088075298352133,0.8325569515914536,1.5889537389680177,1.0,0.9,2026-10-05,True,
UNI/USDT,No clean setup,False,70.11510821308968,,,False,True,momentum leader; strong trend structure,9.082,7.694597116363705,15.276402594541901,11.163104325454444,13.244208650908888,35.327109,320.840803938,1178.287852462305,179.9999960647236,0.9,3.5348635573869154,0,No actionable pattern today.,Stop 7.695; to breakeven at +1.0R; trail 2.5×ATR from +1.0R; scale 1/2 at T1 (+1.5R); time-stop 15 bars if < +0.5R,55-day high sits before T1 (resistance),9.082,0.6937014418181479,7.6382012972709505,61.86583090425566,81.21266310772079,52.375813780547325,0.7209862864104173,0.8298611111111112,0.3903857930189836,1.322762148337596,2.0435656836461127,0.38624787775891356,0.4195726489068034,38954032.76736306,0.0,0.0,0.0,1.0,0.9863765758909405,1.0,0.8709401353010717,1.8374819136678655,1.6574896016954,0.038374669611529875,0.3982249608551376,-0.3834621897191417,-0.052551389417878104,0.0,0.7,2026-10-05,False,not actionable today
ARB/USDT,Pullback in uptrend,False,67.54247039509067,,,False,False,momentum leader; strong trend structure; favourable entry timing,0.19856308360600428,0.1611354180300214,18.84925681867841,0.2547045819699786,0.3108460803339529,1309.537563,260.0258166071721,954.9448114898395,179.99999999436426,0.9,2.8648344344695187,15,"Limit near the 21-EMA, or at market on the first up-close / reclaim day.",Stop 0.1611; to breakeven at +1.0R; trail 2.5×ATR from +1.0R; scale 1/2 at T1 (+1.5R); time-stop 15 bars if < +0.5R,below liquidity floor,0.20792,0.018713832787991443,9.000496723735784,58.7633126089295,88.04399433929622,41.3094300974769,0.5950877195134475,0.8130768027530111,0.5547745457264639,1.5135396518375241,1.030270481398301,-0.21381540270429167,0.41824109074901034,15461568.879224401,0.0,0.0,0.0,1.0,0.7464034186733878,0.9259259259259259,0.704848057547526,1.3683358611724472,0.8677397808472831,0.5220110986691191,0.31977083473914386,-0.037581307818822886,0.3724051685406318,0.0,0.8571,2026-10-05,False,not actionable today
SOL/USDT,Momentum continuation,True,63.013582414344484,,,False,True,no dominant factor,120.79,111.36526282753087,7.80258065441604,134.9271057587037,149.06421151740741,2.600228,314.08154012,1153.4644560907,89.99999450649817,0.45,3.4603933682721,15,Half-size starter at market; add on a 2–3 day tight consolidation.,Stop 111.4; to breakeven at +1.0R; trail 2.5×ATR from +1.0R; scale 1/2 at T1 (+1.5R); time-stop 15 bars if < +0.5R,55-day high sits before T1 (resistance),120.79,4.712368586234566,3.901290327208019,64.11068780872247,59.811718834940976,44.48605409523264,1.121252997857533,0.941245227148757,0.17797932514140813,0.6418377055865165,0.48628030023378876,-0.17466194462330964,0.5996010006020264,106985283.00255626,0.0,0.0,0.0,1.0,0.3329997150395106,0.8148148148148148,0.3329997150395106,0.40060864312139943,0.32978118775753296,0.1260785871179661,0.4823799240885522,0.3668296599139517,,,,2026-10-05,True,
LINK/USDT,Pullback in uptrend,False,57.707546734128,,,False,False,favourable entry timing,13.470237456891152,11.881467563616003,11.794668790061756,15.853392296803875,18.2365471367166,30.849611,415.5515856227213,1526.1131981994438,179.99999708904312,0.9,4.578339594598332,15,"Limit near the 21-EMA, or at market on the first up-close / reclaim day.",Stop 11.88; to breakeven at +1.0R; trail 2.5×ATR from +1.0R; scale 1/2 at T1 (+1.5R); time-stop 15 bars if < +0.5R,55-day high sits before T1 (resistance); below liquidity floor,13.857,0.7943849466375743,5.732733972992525,56.0854643137416,25.354012662228413,38.99935828390046,0.486870433214921,0.8785265960819121,0.20286458333333335,0.692354665363947,0.5298079046147053,-0.03582189487780385,0.5223361359105195,11560155.115441363,0.0,0.0,0.0,1.0,0.49467389836027503,0.8888888888888888,0.4064302980691938,0.3069281463135299,0.3784924181717682,1.2960405810074886,0.06409411858273138,0.38914885873175503,-0.2995185042594563,0.0,0.6087,2026-10-05,False,not actionable today
ETH/USDT,No clean setup,False,54.800808704721746,,,False,True,favourable entry timing; volatility compression,2710.22,2544.1150023949704,6.128838160925292,2959.3774964075437,3208.534992815088,0.295072,799.7100358399999,2936.9351066224,179.99999957628555,0.9,8.810805319867201,0,No actionable pattern today.,Stop 2544; to breakeven at +1.0R; trail 2.5×ATR from +1.0R; scale 1/2 at T1 (+1.5R); time-stop 15 bars if < +0.5R,55-day high sits before T1 (resistance),2710.22,83.05249880251463,3.064419080462643,61.52920679216596,54.491652711140894,43.69837230354998,0.7620019749221716,0.889763624425476,0.07730100367683579,0.45660632900507325,0.3506797703532414,-0.14138225255972692,0.8039963363723445,356647005.2128945,0.0,0.0,0.0,1.0,0.38143435969832423,0.8518518518518519,0.38143435969832423,0.2958008327335859,0.08129722136498248,0.6095232033503366,0.8744197764852192,0.46792557719624134,,,,2026-10-05,False,not actionable today
LTC/USDT,Momentum continuation,False,51.21179177671328,,,False,False,volume accumulation,70.11,63.56913323124805,9.329434843463053,79.92130015312792,89.73260030625585,3.746669,262.67896358999997,964.6884937842749,89.99998446998906,0.45,2.894065481352825,15,Half-size starter at market; add on a 2–3 day tight consolidation.,Stop 63.57; to breakeven at +1.0R; trail 2.5×ATR from +1.0R; scale 1/2 at T1 (+1.5R); time-stop 15 bars if < +0.5R,55-day high sits before T1 (resistance); below liquidity floor,70.11,3.270433384375972,4.664717421731525,68.21616432945571,48.05322562393439,46.48936285901173,1.4465781305077565,0.9348,0.31909689557855136,0.5822613405551793,0.38011811023622055,-0.23766494549627082,0.7457406044340074,13652290.453116808,0.0,0.0,0.0,1.0,0.23295480123142492,0.7037037037037037,0.23295480123142492,0.39034869424417357,0.17756763752120674,-0.5783739197117351,-0.003355677065561713,1.509938484193199,,,,2026-10-05,False,not actionable today
XRP/USDT,Pullback in uptrend,True,51.136755245725595,,,False,True,favourable entry timing; volatility compression; distribution in volume,1.4731740828212552,1.3222100782283508,10.247533292453484,1.6996200897106117,1.9260660965999683,324.66636,478.29006711591546,1756.5202714831994,179.99999960893516,0.9,5.269560814449599,15,"Limit near the 21-EMA, or at market on the first up-close / reclaim day.",Stop 1.322; to breakeven at +1.0R; trail 2.5×ATR from +1.0R; scale 1/2 at T1 (+1.5R); time-stop 15 bars if < +0.5R,,1.5078,0.0754820022964522,5.006101757292227,57.03139460432032,55.44777064613479,43.797490943834866,0.4587307719097476,0.7762561779242175,0.05974135507450096,0.4013011152416357,0.16234967622571705,-0.25273109243697467,0.5309762662738595,81930183.90387467,0.0,0.0,0.0,1.0,0.028976713834633423,0.5925925925925926,0.028423779093319515,0.2243734451863238,-0.3445468608817644,0.8063375185546899,0.8604645280714258,-1.4255368333946299,0.02400030116280825,0.0,0.7283,2026-10-05,False,correlated with SOL/USDT (0.75)
BTC/USDT,Momentum continuation,True,46.65779486005777,,,False,True,distribution in volume,85759.7,81383.82254717438,5.102486893990555,92323.51617923842,98887.33235847685,0.0056,480.25432,1763.7339901999999,89.99429569481165,0.45,5.2912019706,15,Half-size starter at market; add on a 2–3 day tight consolidation.,Stop 8.138e+04; to breakeven at +1.0R; trail 2.5×ATR from +1.0R; scale 1/2 at T1 (+1.5R); time-stop 15 bars if < +0.5R,55-day high sits before T1 (resistance),85759.7,2187.9387264128104,2.5512434469952794,64.53585758908977,55.59386902280482,43.42135330530879,1.1835321441622304,0.9465113276037705,0.09673166171541392,0.3499597025544803,0.20086396415318908,-0.1149116164617382,0.8777689243178746,507232433.1893858,0.0,0.0,0.0,1.0,-0.12138355740880488,0.48148148148148145,-0.08367990836203663,0.21473767645097272,0.06508608018877898,-0.014310932673925879,-0.1656016506638613,-1.3761909629695817,0.21794928401210933,0.0,0.8,2026-10-05,False,correlated with SOL/USDT (0.82)
ONDO/USDT,Pullback in uptrend,False,45.72572542107644,,,False,False,favourable entry timing,0.4799557516094073,0.40177875804703655,16.28837518880114,0.5972212419529634,0.7144867322965195,626.948309,300.9074468663419,1105.0825986166406,179.9999998088318,0.9,3.315247795849922,15,"Limit near the 21-EMA, or at market on the first up-close / reclaim day.",Stop 0.4018; to breakeven at +1.0R; trail 2.5×ATR from +1.0R; scale 1/2 at T1 (+1.5R); time-stop 15 bars if < +0.5R,below liquidity floor,0.4995,0.03908849678118538,7.825524881118195,58.411072526963245,51.18277867564984,36.329622151715675,0.7011913690812918,0.8210059171597632,0.4082323089935156,0.342741935483871,0.3999439461883407,0.06901748040988553,0.7012969721809257,15486579.09405019,0.0,0.0,0.0,1.0,0.0933161018083634,0.6296296296296297,0.0933161018083634,0.0668035918877122,0.08001918843348073,0.8804091102460739,-0.48539287637518386,-0.4223471293861461,,,,2026-10-05,False,not actionable today
INJ/USDT,No clean setup,False,41.97355194564353,,,False,False,no dominant factor,7.682,6.544868821232944,14.802540728547987,9.387696768150585,11.09339353630117,43.102269,331.11163045800004,1216.007462857005,179.99999995159118,0.9,3.648022388571016,0,No actionable pattern today.,Stop 6.545; to breakeven at +1.0R; trail 2.5×ATR from +1.0R; scale 1/2 at T1 (+1.5R); time-stop 15 bars if < +0.5R,55-day high sits before T1 (resistance); below liquidity floor,7.682,0.5685655893835281,7.401270364273992,60.98594041658856,78.49521547614287,38.8463369942406,0.7252866967397577,0.8845135290731145,0.22246976448122235,0.5497276578575754,0.09868421052631593,0.41563415183599894,0.6449360772891487,3149297.76250491,0.0,0.0,0.0,1.0,0.25272701697458905,0.7777777777777778,0.25272701697458905,0.24130486295317416,0.44218087415517304,0.3683498624169974,0.2213510487773024,-0.3401216179003672,,,,2026-10-05,False,not actionable today
AAVE/USDT,Extended (wait),False,41.39211868727094,,,False,False,momentum leader; volume accumulation,183.93,146.35960551877588,20.426463590074555,240.2855917218362,296.6411834436724,1.304562,239.94808866,881.20935560385,179.99990817475103,0.9,2.64362806681155,15,Too far above the 21-EMA. Set an alert for a pullback toward it.,Stop 146.4; to breakeven at +1.0R; trail 2.5×ATR from +1.0R; scale 1/2 at T1 (+1.5R); time-stop 15 bars if < +0.5R,55-day high sits before T1 (resistance); below liquidity floor,183.93,10.734398423206896,5.836132454307017,72.32096557019585,83.52206200868561,43.6889962211751,2.490858333948058,0.9790801660811242,0.43426388022457885,0.9907998701158134,1.2902502801643632,-0.16894562892877973,1.0327110008190714,8015853.108827348,0.0,0.0,0.0,1.0,0.23762460422578868,0.7407407407407407,0.23762460422578868,0.5843946044569321,1.025512949924072,-1.557056648251528,-0.20509433091827656,0.709104553377833,,,,2026-10-05,False,not actionable today
AVAX/USDT,No clean setup,False,39.76583055960726,,,False,False,volume accumulation,11.129,9.797065610454112,11.968140799226234,13.12690158431883,15.124803168637662,36.798309,409.528380861,1503.9929787120225,179.99999730273151,0.9,4.511978936136068,0,No actionable pattern today.,Stop 9.797; to breakeven at +1.0R; trail 2.5×ATR from +1.0R; scale 1/2 at T1 (+1.5R); time-stop 15 bars if < +0.5R,55-day high sits before T1 (resistance); below liquidity floor,11.129,0.6659671947729439,5.984070399613118,65.21390493298176,68.9415415056995,44.983805836399085,1.302143859773315,0.9054592791473435,0.471311475409836,0.6926235741444866,0.24513313940478842,-0.35466257145294766,0.7121578199432674,12010603.129519623,0.0,0.0,0.0,1.0,0.19572989893295772,0.6666666666666666,0.19572989893295772,0.37587991745262317,0.027985786279368097,0.09783520619026749,0.04082884969748989,0.5565332318771038,,,,2026-10-05,False,not actionable today
DOGE/USDT,Pullback in uptrend,True,37.54505067934529,,,False,True,volatility compression,0.09286830086849794,0.08262150434248969,11.033685800408664,0.10823849565751031,0.1236086904465227,4783.244582,444.2117969687887,1631.3678243678764,179.99999998971413,0.9,4.89410347310363,15,"Limit near the 21-EMA, or at market on the first up-close / reclaim day.",Stop 0.08262; to breakeven at +1.0R; trail 2.5×ATR from +1.0R; scale 1/2 at T1 (+1.5R); time-stop 15 bars if < +0.5R,55-day high sits before T1 (resistance),0.09543,0.005123398263004126,5.368750144612936,57.37766793410276,67.79394729626998,29.586872862191797,0.542917922945614,0.7472983555207517,0.140824865511058,0.35901452577613213,-0.0559897121376991,-0.3164732799477039,0.6593600657554985,59256119.4549946,0.0,0.0,0.0,1.0,-0.31806495161463955,0.2962962962962963,-0.31806495161463955,-0.8199185562492929,-0.5855764449493032,0.45268570761402827,0.5889854072723296,-0.7087553567386441,,,,2026-10-05,False,correlated with SOL/USDT (0.76)
HBAR/USDT,No clean setup,False,33.391273421379466,,,False,False,favourable entry timing,0.1017,0.08667981271433314,14.769112375286976,0.12423028092850028,0.14676056185700057,3263.137338,331.8610672746,1218.7597695659683,179.9999999519865,0.9,3.6562793086979055,0,No actionable pattern today.,Stop 0.08668; to breakeven at +1.0R; trail 2.5×ATR from +1.0R; scale 1/2 at T1 (+1.5R); time-stop 15 bars if < +0.5R,below liquidity floor,0.1017,0.007510093642833425,7.384556187643486,57.88226145351049,31.35499857669035,54.74829680884237,0.7967269066383784,0.7762766201053355,0.3085434894493053,0.4417351857102352,0.1012452625879805,-0.27126113455227374,0.9700489999848431,8614258.105239753,0.0,0.0,0.0,1.0,0.015446329283437369,0.5555555555555556,0.03479081639660661,0.014997021124737577,-0.36626590427180605,0.875028134009561,-0.8019488411259261,0.4986479928091237,0.18954671330196052,0.0,0.7895,2026-10-05,False,not actionable today
ATOM/USDT,Pullback in uptrend,False,30.59579229148212,,,False,False,no dominant factor,1.754820313556725,1.526101567783625,13.03374163190109,2.0978984322163754,2.4409765508760257,214.293471,376.046535973379,1381.0309033622343,179.99999980094324,0.9,4.143092710086703,15,"Limit near the 21-EMA, or at market on the first up-close / reclaim day.",Stop 1.526; to breakeven at +1.0R; trail 2.5×ATR from +1.0R; scale 1/2 at T1 (+1.5R); time-stop 15 bars if < +0.5R,55-day high sits before T1 (resistance); below liquidity floor,1.812,0.11435937288655004,6.311223669235654,57.492146898845924,89.908066853888,24.977949162792164,0.7481285467316557,0.7216248506571087,0.1439393939393938,0.3274725274725274,-0.048319327731092376,-0.28744939271255054,1.0398146501693124,1165228.6964389826,0.0,0.0,0.0,1.0,-0.29020943732716153,0.4074074074074074,-0.29020943732716153,-0.9897819853634616,-0.6244029639303664,0.31621853429743896,0.45783900698788466,0.28672907350150445,,,,2026-10-05,False,not actionable today
BNB/USDT,No clean setup,False,30.47446719773324,,,False,False,no dominant factor,786.3,740.5654473945442,5.81642535997148,854.9018289081836,923.5036578163672,1.071682,842.6635566,3094.6819116135,179.9998635175378,0.9,9.2840457348405,0,No actionable pattern today.,Stop 740.6; to breakeven at +1.0R; trail 2.5×ATR from +1.0R; scale 1/2 at T1 (+1.5R); time-stop 15 bars if < +0.5R,55-day high sits before T1 (resistance); below liquidity floor,786.3,22.867276302727877,2.908212679985741,60.60507976766496,49.12000288373962,29.187676700071155,0.9011110543974642,0.8641608968018464,0.09147695724597438,0.3338422391857505,0.13397750216325344,-0.18080509438253356,0.6480688539760179,9179784.755535474,0.0,0.0,0.0,1.0,0.007132975813523152,0.5185185185185185,-0.038150160993406255,-0.19213274153393026,-0.18181029382886513,0.4032546925460144,0.4816876181818945,-0.19071463285270754,-0.40041525544884143,0.0,0.5714,2026-10-05,False,not actionable today
SUI/USDT,No clean setup,False,29.807544924646187,,,False,True,volume accumulation,1.2139,1.0404609564189642,14.287753816709431,1.4740585653715537,1.7342171307431073,282.594581,343.0415618759,1259.8201359892428,179.99999956347696,0.9,3.7794604079677288,0,No actionable pattern today.,Stop 1.04; to breakeven at +1.0R; trail 2.5×ATR from +1.0R; scale 1/2 at T1 (+1.5R); time-stop 15 bars if < +0.5R,55-day high sits before T1 (resistance),1.2139,0.08671952179051787,7.143876908354713,67.69263003714323,85.33337559197207,43.84839980028078,1.699068716560761,0.8292799562781801,0.6838673879872381,0.7564751844884965,0.3802160318362706,-0.5006926167059149,0.6618363709621372,38770881.58092603,0.0,0.0,0.0,1.0,-0.25843159261931725,0.4444444444444444,-0.25843159261931725,-0.2504092383628444,-0.1198192032075854,-0.9079994748073168,-0.6895731475793807,0.7844861035804703,,,,2026-10-05,False,not actionable today
TRX/USDT,Pullback in uptrend,False,23.69946087106175,,,False,False,favourable entry timing; distribution in volume,0.33611,0.3272065326168403,2.6489742593673866,0.3494652010747396,0.3628204021494792,4050.66909,1361.4703878399,4999.999999342032,132.44871295093998,0.9,14.999999998026098,15,"Limit near the 21-EMA, or at market on the first up-close / reclaim day.",Stop 0.3272; to breakeven at +1.0R; trail 2.5×ATR from +1.0R; scale 1/2 at T1 (+1.5R); time-stop 15 bars if < +0.5R,size capped at 25% of capital; below liquidity floor,0.33611,0.004451733691579875,1.3244871296836973,48.94614045587016,79.5429154701919,15.82917372985221,-0.10744843930180559,0.891089371404332,-0.005591715976331346,0.02207693477269279,-0.02202630353817492,0.13950509068842298,0.9982522774999918,5983690.668856231,0.0,0.0,0.0,1.0,-0.5500687652200809,0.1111111111111111,-0.4797612416070591,-1.297236261308802,-0.14503826457549723,0.7482467031362253,0.15609309394243323,-2.7219450863510706,0.08269894729711563,0.0,0.75,2026-10-05,False,not actionable today
RENDER/USDT,No clean setup,False,20.457564461994274,,,False,False,volume accumulation,2.064,1.8227651367620283,11.687735621994754,2.4258522948569574,2.787704589713915,203.175168,419.35354675200006,1540.0759004467202,179.99999962226778,0.9,4.620227701340161,0,No actionable pattern today.,Stop 1.823; to breakeven at +1.0R; trail 2.5×ATR from +1.0R; scale 1/2 at T1 (+1.5R); time-stop 15 bars if < +0.5R,55-day high sits before T1 (resistance); below liquidity floor,2.064,0.1206174316189859,5.843867810997379,70.0134615208888,93.66609416388518,34.99260216482508,1.8801858972444885,0.846942962659007,0.4913294797687864,0.5131964809384164,-0.028705882352941137,-0.2719621251972647,0.755024851518047,2173380.4620338,0.0,0.0,0.0,1.0,-0.29385720873733245,0.37037037037037035,-0.29385720873733245,-0.6193909043975501,-0.2613599062936259,-1.0088374540934184,-0.0636715386878509,1.1182516244584846,,,,2026-10-05,False,not actionable today
DOT/USDT,No clean setup,False,20.45246171271821,,,False,False,volume accumulation,1.231,1.0595482121243842,13.927846293713717,1.4881776818134238,1.7453553636268477,285.870066,351.90605124600006,1292.374973200935,179.99999980585008,0.9,3.877124919602806,0,No actionable pattern today.,Stop 1.06; to breakeven at +1.0R; trail 2.5×ATR from +1.0R; scale 1/2 at T1 (+1.5R); time-stop 15 bars if < +0.5R,55-day high sits before T1 (resistance); below liquidity floor,1.231,0.08572589393780791,6.963923146856857,59.709968863631346,87.55001880445701,27.956272034158665,0.8731348534830915,0.6482359136387573,0.22621775077198936,0.49230209722390605,0.06120689655172429,-0.4645866666666667,0.8758942219043031,5401637.153267789,0.0,0.0,0.0,1.0,-0.2939919617862911,0.3333333333333333,-0.2939919617862911,-0.8207022857294152,-0.7442386055099095,0.08282712015235065,0.3265685105652503,0.699256200149499,,,,2026-10-05,False,not actionable today
BCH/USDT,No clean setup,False,18.38828538416991,,,False,False,weak momentum,316.8,280.9400029650547,11.319443508505463,370.589995552418,424.37999110483594,1.366785,432.997488,1590.1832746799998,179.99989745910483,0.9,4.770549824040001,0,No actionable pattern today.,Stop 280.9; to breakeven at +1.0R; trail 2.5×ATR from +1.0R; scale 1/2 at T1 (+1.5R); time-stop 15 bars if < +0.5R,55-day high sits before T1 (resistance); below liquidity floor,316.8,17.92999851747266,5.659721754252733,61.869979184809814,47.533750625045556,41.6895223801121,0.9380258587940585,0.5245033112582782,0.4193548387096775,0.4852320675105486,0.07901907356948223,-0.6142412720359489,0.4427807462947125,11026241.922876276,0.0,0.0,0.0,1.0,-0.41997465850674337,0.18518518518518517,-0.34909422044909305,-0.48265881572050257,-1.0845790961919053,0.40337212094596164,0.3618815638823569,-0.6499716414344777,0.21794928401210933,0.0,0.8,2026-10-05,False,not actionable today
FIL/USDT,No clean setup,False,16.608511943484082,,,False,False,no dominant factor,1.1843,0.9572785157552792,19.169254770304878,1.524832226367081,1.865364452734162,215.895575,255.6851294725,939.0036379877562,179.99999966830433,0.9,2.817010913963269,0,No actionable pattern today.,Stop 0.9573; to breakeven at +1.0R; trail 2.5×ATR from +1.0R; scale 1/2 at T1 (+1.5R); time-stop 15 bars if < +0.5R,55-day high sits before T1 (resistance); below liquidity floor,1.1843,0.08968593697888305,7.57290694746965,67.87501112374119,95.48344222462201,30.539359990637916,1.9179925098709163,0.8957041294811676,0.26554819405855956,0.6359994474374913,0.23790111842792916,-0.2631496062992127,0.730537463991532,13445225.224941647,0.0,0.0,0.0,1.0,-0.3976827726350725,0.25925925925925924,-0.3976827726350725,-0.6735183858447018,0.04527820647911991,-0.8768021435906396,-0.3443938960883267,-0.28802381411468936,,,,2026-10-05,False,not actionable today
FET/USDT,No clean setup,False,16.583246106875897,,,False,False,no dominant factor,0.2545,0.20828723575338146,18.158257071362886,0.3238191463699278,0.3931382927398557,1060.592993,269.9209167185,991.2845666486912,179.99999992081493,0.9,2.973853699946074,0,No actionable pattern today.,Stop 0.2083; to breakeven at +1.0R; trail 2.5×ATR from +1.0R; scale 1/2 at T1 (+1.5R); time-stop 15 bars if < +0.5R,55-day high sits before T1 (resistance); below liquidity floor,0.2545,0.0212510569864742,8.350120623369037,67.34020575498934,91.05674043665935,37.34256022230105,1.7709209439904097,0.8803182289865098,0.5594362745098038,0.7491408934707906,-0.07218374043018583,-0.2605346624376982,1.3700782450352242,3457778.8207700946,0.0,0.0,0.0,1.0,-0.3983806582268091,0.2222222222222222,-0.3983806582268091,-0.4919194895896509,-0.07163510139529003,-0.8434935099285334,-1.2045407726332922,0.4456625043791469,,,,2026-10-05,False,not actionable today
APT/USDT,No clean setup,False,10.48207541004291,,,False,False,weak momentum,0.8448,0.7191231601464562,14.876519869027442,1.0333152597803157,1.2218305195606316,389.991775,329.46505152000003,1209.9604017072002,179.9999995673359,0.9,3.6298812051216007,0,No actionable pattern today.,Stop 0.7191; to breakeven at +1.0R; trail 2.5×ATR from +1.0R; scale 1/2 at T1 (+1.5R); time-stop 15 bars if < +0.5R,55-day high sits before T1 (resistance); below liquidity floor,0.8448,0.06283841992677193,7.438259934513723,63.52408863040606,94.36689129373381,41.92985515303013,1.2400453581128266,0.5182822085889571,0.43259284381889085,0.4671761028134769,-0.1045155819376723,-0.6195483870967742,0.5863836108176962,3576351.696264474,0.0,0.0,0.0,1.0,-0.5754207221344203,0.07407407407407407,-0.5754207221344203,-0.4527438476327027,-1.2051159708191457,-0.40330496000990973,-0.28806352117291967,0.20793280642569176,,,,2026-10-05,False,not actionable today
ADA/USDT,No clean setup,False,10.266934279563657,,,False,False,new 55-day high,0.2704,0.23277812483089508,13.91341537318968,0.32683281275365733,0.3832656255073147,1302.777539,352.2710465456,1293.715418438716,179.9999999143775,0.9,3.881146255316148,0,No actionable pattern today.,Stop 0.2328; to breakeven at +1.0R; trail 2.5×ATR from +1.0R; scale 1/2 at T1 (+1.5R); time-stop 15 bars if < +0.5R,below liquidity floor,0.2704,0.016087500676419734,5.949519480924459,69.31131357773815,97.20738685307238,33.505076788479954,1.775710405286655,0.7404162102957282,0.2962607861936719,0.39597315436241587,0.17056277056277036,-0.4077228847245883,0.9995978067015332,11083460.898697253,0.0,1.0,1.0,1.0,-0.5820369296419833,0.037037037037037035,-0.5820369296419833,-0.595949341226493,-0.5324539419249747,-1.2358114652991428,0.027527087075023958,-0.30707178899675275,,,,2026-10-05,False,not actionable today
OP/USDT,No clean setup,False,7.803040624221772,,,False,False,weak momentum,0.13855,0.11690334122537153,15.623716185224445,0.17101998816194272,0.20348997632388544,2264.226293,313.70855289515004,1152.0946605074384,179.9999999428073,0.9,3.456283981522316,0,No actionable pattern today.,Stop 0.1169; to breakeven at +1.0R; trail 2.5×ATR from +1.0R; scale 1/2 at T1 (+1.5R); time-stop 15 bars if < +0.5R,55-day high sits before T1 (resistance); below liquidity floor; crowd bearish on social,0.13855,0.010823329387314234,7.811858092612222,60.56910996275674,82.03968315959531,36.55154378579804,1.0567150941422694,0.45456036745406825,0.35514475743348983,0.5697937910718331,0.1137459807073955,-0.6565670137722539,0.7333310594623165,3008136.5229847264,0.0,0.0,0.0,1.0,-0.4994052907759661,0.14814814814814814,-0.660144269959502,-0.5522096217715999,-1.1773827983200533,0.16233147653182606,-0.16958204115370742,-0.021281260508427196,-1.9460561034277883,0.0,0.0,2026-10-05,False,not actionable today
